COUNTY NUMBER,PRECINCT CODE,PRECINCT NAME,REGISTERED VOTERS TOTAL,BALLOTS CAST TOTAL,BALLOTS CAST - Republican,BALLOTS CAST - Democratic,"REP Circuit Court Judge, Div. 2","REP Circuit Court Judge, Div. 2",REP County Mayor,REP County Mayor,"REP County Commission, District 1","REP County Commission, District 1","REP County Commission, District 2","REP County Commission, District 2","REP County Commission, District 2","REP County Commission, District 3","REP County Commission, District 3","REP County Commission, District 4","REP County Commission, District 4","REP County Commission, District 5","REP County Commission, District 5","REP County Commission, District 6","REP County Commission, District 6","REP County Commission, District 7","REP County Commission, District 7","REP County Commission, District 8","REP County Commission, District 8","REP County Commission, District 9","REP County Commission, District 9","REP County Commission, District 9","REP County Commission, District 10","REP County Commission, District 10","REP County Commission, District 10","REP County Commission, District 11","REP County Commission, District 11",REP County Trustee,REP County Trustee,REP Sheriff,REP Sheriff,REP Circuit Court Clerk,REP Circuit Court Clerk,REP Criminal Court Clerk,REP Criminal Court Clerk,REP Criminal Court Clerk,REP Juvenile Court Clerk,REP Juvenile Court Clerk,REP County Clerk,REP County Clerk,REP Register of Deeds,REP Register of Deeds,"REP County School Board, District 3","REP County School Board, District 3","REP County School Board, District 5","REP County School Board, District 5","REP County School Board, District 6","REP County School Board, District 6","REP County School Board, District 8","REP County School Board, District 8","REP County School Board, District 8","REP County School Board, District 9","REP County School Board, District 9","REP County School Board, District 9",REP Lookout Mountain School Board,REP Lookout Mountain School Board,"DEM Circuit Court Judge, Div. 2","DEM Circuit Court Judge, Div. 2",DEM County Mayor,DEM County Mayor,"DEM County Commission, District 1","DEM County Commission, District 1","DEM County Commission, District 2","DEM County Commission, District 2","DEM County Commission, District 3","DEM County Commission, District 3","DEM County Commission, District 4","DEM County Commission, District 4","DEM County Commission, District 4","DEM County Commission, District 5","DEM County Commission, District 5","DEM County Commission, District 5","DEM County Commission, District 6","DEM County Commission, District 6","DEM County Commission, District 7","DEM County Commission, District 7","DEM County Commission, District 8","DEM County Commission, District 8","DEM County Commission, District 9","DEM County Commission, District 9","DEM County Commission, District 10","DEM County Commission, District 10","DEM County Commission, District 11","DEM County Commission, District 11",DEM County Trustee,DEM County Trustee,DEM Sheriff,DEM Sheriff,DEM Circuit Court Clerk,DEM Circuit Court Clerk,DEM Criminal Court Clerk,DEM Criminal Court Clerk,DEM Juvenile Court Clerk,DEM Juvenile Court Clerk,DEM County Clerk,DEM County Clerk,DEM Register of Deeds,DEM Register of Deeds,"DEM County School Board, District 3","DEM County School Board, District 3","DEM County School Board, District 5","DEM County School Board, District 5","DEM County School Board, District 5","DEM County School Board, District 6","DEM County School Board, District 6","DEM County School Board, District 8","DEM County School Board, District 8","DEM County School Board, District 8","DEM County School Board, District 9","DEM County School Board, District 9",DEM Lookout Mountain School Board,DEM Lookout Mountain School Board,
,,,,,REP,DEM,REP,REP,REP,REP,REP,REP,REP,REP,REP,REP,REP,REP,REP,REP,REP,REP,REP,REP,REP,REP,REP,REP,REP,REP,REP,REP,REP,REP,REP,REP,REP,REP,REP,REP,REP,REP,REP,REP,REP,REP,REP,REP,REP,REP,REP,REP,REP,REP,REP,REP,REP,REP,REP,REP,REP,REP,REP,REP,DEM,DEM,DEM,DEM,DEM,DEM,DEM,DEM,DEM,DEM,DEM,DEM,DEM,DEM,DEM,DEM,DEM,DEM,DEM,DEM,DEM,DEM,DEM,DEM,DEM,DEM,DEM,DEM,DEM,DEM,DEM,DEM,DEM,DEM,DEM,DEM,DEM,DEM,DEM,DEM,DEM,DEM,DEM,DEM,DEM,DEM,DEM,DEM,DEM,DEM,DEM,DEM,DEM,DEM,DEM,DEM,
,,,VOTERS,BALLOTS CAST,BALLOTS CAST,BALLOTS CAST,Jennifer K. Peck,Write-in,Weston Wamp,Write-in,Gene-o Shipley,Write-in,Chip Baker,Brad Wardlaw,Write-in,Ken Smith,Write-in,No Candidate Qualified,Write-in,No Candidate Qualified,Write-in,No Candidate Qualified,Write-in,Lee Helton,Write-in,Mike Chauncey,Write-in,Donna Christian-Lowe,Steve Highlander,Write-in,Jeff Eversole,Tonya Sadler,Write-in,"Joseph ""Joe"" Graham",Write-in,Bill Hullander,Write-in,Austin Garrett,Write-in,Larry L. Henry,Write-in,Archie Scott Currence,Vince Dean,Write-in,Gary D. Behler,Write-in,Brooke Weaver,Write-in,Marc Gravitt,Write-in,Ashley R Dillon,Write-in,No Candidate Qualified,Write-in,Cindy Fain,Write-in,Sabrina Daniel,Sterling DuPre,Write-in,Gary Kuehn,James B. Walker,Write-in,No Candidate Qualified,Write-in,No Candidate Qualified,Write-in,Mark Herndon,Write-in,Mona Petro,Write-in,Amanda Sovago-Royal,Write-in,No Candidate Qualified,Write-in,Warren Mackey,Elea Anita Wright,Write-in,Greg Beck,Katherlyn Geter,Write-in,David Sharpe,Write-in,Laura J. Bertrand,Write-in,Joshua Wichman,Write-in,No Candidate Qualified,Write-in,No Candidate Qualified,Write-in,Montrell Besley,Write-in,No Candidate Qualified,Write-in,No Candidate Qualified,Write-in,No Candidate Qualified,Write-in,Aaliyah K. Hakeem,Write-in,No Candidate Qualified,Write-in,No Candidate Qualified,Write-in,No Candidate Qualified,Write-in,Ruth Walker,Write-in,Micah Chapman,Thessela White,Write-in,Ben Connor,Write-in,Betty J. Duggan,Katie Perkins,Write-in,Jordan Hammond,Write-in,No Candidate Qualified,Write-in,
,0001,AIRPORT A,430,53,2,51,2,0,1,0,0,0,0,0,0,0,0,0,0,0,0,0,0,0,0,0,0,0,0,0,0,0,0,0,0,2,0,2,0,2,0,1,1,0,2,0,2,0,2,0,0,0,0,0,0,0,0,0,0,0,0,0,0,0,0,2,37,2,0,0,0,0,0,0,0,0,0,24,27,0,0,0,0,0,0,0,0,0,0,0,0,0,0,1,0,1,0,1,45,1,0,1,0,1,0,1,0,0,16,34,0,0,0,0,0,0,0,0,0,0,
,0002,AIRPORT B,1292,208,55,153,48,0,51,1,0,0,0,0,0,0,0,0,0,0,1,0,0,0,0,0,0,0,0,0,0,0,0,0,0,55,0,52,0,48,0,14,33,0,49,0,50,0,50,0,0,0,0,3,0,0,0,0,0,0,0,0,0,0,0,3,114,0,0,0,0,0,0,0,0,0,0,57,94,0,0,0,0,0,0,0,0,0,0,0,0,0,0,5,0,3,0,3,141,2,0,5,0,3,0,4,0,0,63,87,0,0,0,0,0,0,0,0,0,0,
,0003,ALTON PARK,1863,206,9,197,6,0,6,0,0,0,0,0,0,0,0,0,0,0,0,0,0,0,0,0,0,0,0,0,0,0,0,3,2,6,0,7,0,6,0,6,3,0,7,0,6,1,7,0,0,0,0,0,0,0,0,0,0,0,0,0,0,0,0,10,139,2,0,0,0,0,0,0,0,0,0,0,0,0,0,0,0,0,0,0,0,0,0,0,188,3,0,8,0,9,0,8,181,1,0,8,0,10,0,8,0,0,0,0,0,0,0,0,0,0,0,0,0,0,
,0004,APISON A,1859,87,76,11,66,0,63,6,0,0,0,0,0,0,0,0,0,0,0,0,0,65,4,0,0,0,0,0,0,0,0,0,0,66,2,72,0,69,0,17,51,0,71,0,71,0,71,0,0,0,0,0,0,0,0,0,0,0,0,0,0,0,0,0,11,0,0,0,0,0,0,0,0,0,0,0,0,0,0,0,11,0,0,0,0,0,0,0,0,0,0,0,0,0,0,0,10,0,0,0,0,0,0,0,0,0,0,0,0,0,0,0,0,0,0,0,0,0,
,0005,APISON B,2608,285,235,50,192,3,183,17,0,0,0,0,0,0,0,0,0,0,0,0,0,0,0,0,0,0,0,0,154,80,1,0,0,206,8,200,7,203,2,61,141,1,194,3,190,3,198,3,0,0,0,0,0,0,0,0,0,0,0,0,0,0,0,3,46,0,0,0,0,0,0,0,0,0,0,0,0,0,0,0,0,0,0,0,0,0,0,5,0,0,0,3,0,2,0,3,46,0,0,3,0,3,0,3,0,0,0,0,0,0,0,0,0,0,0,0,0,0,
,0006,AVONDALE,1238,179,2,177,2,0,1,1,0,0,0,0,0,0,0,0,1,0,0,0,0,0,0,0,0,0,0,0,0,0,0,0,0,2,0,1,1,2,0,0,2,0,2,0,2,0,1,1,0,0,0,0,0,0,0,0,0,0,0,0,0,0,0,8,121,2,0,0,0,0,0,0,121,53,1,0,0,0,0,0,0,0,0,0,0,0,0,0,0,0,0,9,0,7,0,8,158,2,0,5,0,7,0,7,0,0,0,0,0,0,0,0,0,0,0,0,0,0,
,0007,BIRCHWOOD,2169,321,281,40,241,1,245,6,0,0,0,0,0,0,0,0,0,0,0,0,0,0,0,0,0,31,247,0,0,0,0,0,0,261,2,261,3,248,1,61,187,1,242,1,242,1,246,1,0,0,0,0,0,0,0,0,0,121,147,0,0,0,0,3,36,0,0,0,0,0,0,0,0,0,0,0,0,0,0,0,0,0,0,0,0,3,0,0,0,0,0,3,0,3,0,3,37,0,0,3,0,2,0,3,0,0,0,0,0,0,0,0,0,0,39,0,0,0,
,0008,BONNY OAKS,2243,455,18,437,18,0,17,0,0,0,0,0,0,0,0,0,0,0,2,0,0,0,0,0,0,0,0,0,0,0,0,0,0,17,0,18,0,16,1,6,10,0,16,1,18,0,16,0,0,0,0,2,0,0,0,0,0,0,0,0,0,0,0,21,335,5,0,0,0,0,0,0,0,0,0,189,240,1,0,0,0,0,0,0,0,0,0,0,0,0,0,21,0,22,0,17,401,3,0,18,0,25,0,17,0,0,179,244,2,0,0,0,0,0,0,0,0,0,
,0009,BRAINERD,1948,322,55,267,49,2,50,3,0,0,0,0,0,0,0,0,0,0,6,0,0,0,0,0,0,0,0,0,0,0,0,0,0,52,1,52,2,51,1,14,40,0,52,1,53,0,52,1,0,0,0,6,0,0,0,0,0,0,0,0,0,0,0,11,232,2,0,0,0,0,0,0,0,0,0,50,214,1,0,0,0,0,0,0,0,0,0,0,0,0,0,9,0,11,0,10,232,3,0,9,0,9,0,8,0,0,116,145,0,0,0,0,0,0,0,0,0,0,
,0010,BRAINERD HILLS,1853,169,48,121,45,0,40,2,0,0,0,0,0,0,0,0,0,0,0,0,0,0,0,39,2,0,0,0,0,0,0,0,0,46,0,45,0,44,0,15,29,0,42,0,42,0,44,0,0,0,0,0,0,0,28,19,0,0,0,0,0,0,0,5,112,1,0,0,0,0,0,0,0,0,0,0,0,0,0,0,0,0,113,2,0,0,0,0,0,0,0,3,0,4,0,4,114,2,0,5,0,5,0,4,0,0,0,0,0,0,0,61,58,1,0,0,0,0,
,0011,BUSHTOWN,2091,362,17,345,16,0,17,0,0,0,0,0,0,0,0,0,2,0,0,0,0,0,0,0,0,0,0,0,0,0,0,0,0,16,0,16,0,15,0,7,8,0,15,0,16,0,15,0,0,0,0,0,0,0,0,0,0,0,0,0,0,0,0,13,228,7,0,0,0,0,0,0,229,108,1,0,0,0,0,0,0,0,0,0,0,0,0,0,0,0,0,11,0,14,0,11,298,3,0,9,0,11,0,11,0,0,0,0,0,0,0,0,0,0,0,0,0,0,
,0012,COLLEGEDALE A,1969,152,106,46,84,0,86,6,0,0,0,0,0,0,0,0,0,0,0,0,0,0,0,0,0,0,0,0,85,18,0,0,0,94,1,96,1,92,0,28,68,1,90,0,92,0,92,0,0,0,0,0,0,0,0,0,0,0,0,0,0,0,0,1,40,0,0,0,0,0,0,0,0,0,0,0,0,0,0,0,0,0,0,0,0,0,0,1,0,0,0,3,0,2,0,1,39,0,0,1,0,4,0,1,0,0,0,0,0,0,0,0,0,0,0,0,0,0,
,0013,COLLEGEDALE B,1020,140,119,21,100,1,102,4,0,0,0,0,0,0,0,0,0,0,0,0,0,0,0,0,0,0,0,0,78,40,1,0,0,108,1,109,1,101,1,25,79,1,100,2,101,2,102,1,0,0,0,0,0,0,0,0,0,0,0,0,0,0,0,1,19,0,0,0,0,0,0,0,0,0,0,0,0,0,0,0,0,0,0,0,0,0,0,4,0,0,0,1,0,1,0,1,19,0,0,1,0,0,0,1,0,0,0,0,0,0,0,0,0,0,0,0,0,0,
,0014,CONCORD A,1736,130,50,80,42,1,41,2,0,0,0,0,0,0,0,0,0,0,0,0,0,0,0,40,2,0,0,0,0,0,0,0,0,42,1,44,0,42,1,16,31,0,42,1,44,1,40,1,0,0,0,0,0,0,32,16,1,0,0,0,0,0,0,4,73,1,0,0,0,0,0,0,0,0,0,0,0,0,0,0,0,0,70,1,0,0,0,0,0,0,0,3,0,3,0,3,77,0,0,1,0,2,0,2,0,0,0,0,0,0,0,37,37,2,0,0,0,0,
,0015,CONCORD B,3002,242,88,154,80,0,68,7,0,0,0,0,0,0,0,0,0,0,0,0,0,0,0,75,2,0,0,0,0,0,0,0,0,79,2,78,1,81,0,16,66,0,78,0,77,1,77,0,0,0,0,0,0,0,56,27,1,0,0,0,0,0,0,6,140,2,0,0,0,0,0,0,0,0,0,0,0,0,0,0,0,0,140,1,0,0,0,0,0,0,0,9,0,8,0,7,139,2,0,7,0,8,0,8,0,0,0,0,0,0,0,71,78,0,0,0,0,0,
,0016,COURTHOUSE,1418,138,12,126,12,0,10,2,0,0,0,0,0,0,0,0,2,0,0,0,0,0,0,0,0,0,0,0,0,0,0,0,0,11,0,12,0,10,1,2,10,0,12,0,12,0,12,0,0,0,0,0,0,0,0,0,0,0,0,0,0,0,0,5,101,1,0,0,0,0,0,0,42,82,0,0,0,0,0,0,0,0,0,0,0,0,0,0,0,0,0,2,0,2,0,4,113,0,0,3,0,2,0,2,0,0,0,0,0,0,0,0,0,0,0,0,0,0,
,0017,DALEWOOD,2104,522,14,508,11,1,11,1,0,0,0,0,0,0,0,0,0,0,1,0,0,0,0,0,0,0,0,0,0,0,0,0,0,12,0,11,1,11,1,3,10,0,12,0,10,0,12,0,0,0,0,1,0,0,0,0,0,0,0,0,0,0,0,13,344,8,0,0,0,0,0,0,0,0,0,264,231,5,0,0,0,0,0,0,0,0,0,0,0,0,0,17,0,17,0,14,461,2,0,12,0,15,0,15,0,0,207,280,3,0,0,0,0,0,0,0,0,0,
,0018,DALLAS,3625,218,144,74,137,0,131,5,135,4,0,0,0,0,0,0,0,0,0,0,0,0,0,0,0,0,0,0,0,0,0,0,0,140,0,141,0,137,0,41,96,0,135,0,136,0,134,0,0,0,0,0,0,0,0,0,0,0,0,0,0,0,0,5,66,3,70,2,0,0,0,0,0,0,0,0,0,0,0,0,0,0,0,0,0,0,0,0,0,0,0,5,0,7,0,5,71,1,0,5,0,6,0,5,0,0,0,0,0,0,0,0,0,0,0,0,0,0,
,0019,DOWNTOWN,2516,176,39,137,35,0,36,1,0,0,0,0,0,0,0,0,2,0,0,0,0,0,0,0,0,0,0,0,0,0,0,0,0,37,0,34,0,32,0,6,30,0,34,0,34,1,32,1,0,0,0,0,0,0,0,0,0,0,0,0,0,0,0,10,107,3,0,0,0,0,0,0,53,80,1,0,0,0,0,0,0,0,0,0,0,0,0,0,0,0,0,9,0,9,0,8,117,1,0,7,0,10,0,9,0,0,0,0,0,0,0,0,0,0,0,0,0,0,
,0020,DUPONT,2899,239,136,103,116,0,121,3,0,0,0,0,0,124,5,0,0,0,0,0,0,0,0,0,0,0,0,0,0,0,0,0,0,125,0,129,2,119,1,29,94,1,117,1,122,1,121,1,116,2,0,0,0,0,0,0,0,0,0,0,0,0,0,3,98,0,0,0,0,0,0,5,0,0,0,0,0,0,0,0,0,0,0,0,0,0,0,0,0,0,0,4,0,3,0,1,100,1,0,2,0,3,0,3,99,2,0,0,0,0,0,0,0,0,0,0,0,0,
,0021,EAST BRAINERD A,3192,204,94,110,85,0,82,4,0,0,0,0,0,0,0,0,0,0,0,0,0,85,3,0,0,0,0,0,0,0,0,0,0,82,3,84,1,82,2,27,61,0,83,0,86,0,81,1,0,0,0,0,0,0,0,0,0,0,0,0,0,0,0,2,104,1,0,0,0,0,0,0,0,0,0,0,0,0,0,0,107,0,0,0,0,0,0,0,0,0,0,4,0,6,0,3,100,0,0,5,0,4,0,4,0,0,0,0,0,0,0,0,0,0,0,0,0,0,
,0022,EAST BRAINERD B,4547,358,152,206,136,1,133,5,0,0,0,0,0,0,0,0,0,0,0,0,0,139,2,0,0,0,0,0,0,0,0,0,0,146,1,139,4,144,1,43,101,2,143,0,139,1,140,0,0,0,0,0,0,0,0,0,0,0,0,0,0,0,0,10,179,3,0,0,0,0,0,0,0,0,0,0,0,0,0,0,194,3,0,0,0,0,0,0,0,0,0,12,0,13,0,8,191,2,0,7,0,9,0,8,0,0,0,0,0,0,0,0,0,0,0,0,0,0,
,0023,EAST CHATTANOOGA,1679,329,11,318,9,0,9,0,0,0,0,0,0,0,0,0,2,0,0,0,0,0,0,0,0,0,0,0,0,0,0,0,0,9,0,8,1,9,0,3,7,0,9,0,9,0,8,0,0,0,0,0,0,0,0,0,0,0,0,0,0,0,0,13,205,8,0,0,0,0,0,0,207,103,0,0,0,0,0,0,0,0,0,0,0,0,0,0,0,0,0,14,0,16,0,12,287,2,0,14,0,12,0,14,0,0,0,0,0,0,0,0,0,0,0,0,0,0,
,0024,EAST LAKE,1355,107,30,77,27,1,26,3,0,0,0,0,0,0,0,0,0,0,0,0,0,0,0,0,0,0,0,0,0,0,0,27,1,27,1,29,0,26,1,10,18,0,27,0,27,0,26,1,0,0,0,0,0,0,0,0,0,0,0,0,0,0,0,7,59,3,0,0,0,0,0,0,0,0,0,0,0,0,0,0,0,0,0,0,0,0,0,0,69,4,0,7,0,8,0,6,69,1,0,7,0,7,0,6,0,0,0,0,0,0,0,0,0,0,0,0,0,0,
,0025,EAST RIDGE A,3225,313,160,153,139,4,138,5,0,0,0,0,0,0,0,0,0,0,0,0,0,0,0,140,3,0,0,0,0,0,0,0,0,145,2,142,2,141,2,37,116,0,138,2,143,2,143,3,0,0,0,0,0,0,84,70,0,0,0,0,0,0,0,7,141,0,0,0,0,0,0,0,0,0,0,0,0,0,0,0,0,0,144,1,0,0,0,0,0,0,0,7,0,8,0,5,140,1,0,8,0,5,0,4,0,0,0,0,0,0,0,75,75,0,0,0,0,0,
,0026,EAST RIDGE B,3346,405,187,218,168,0,165,9,0,0,0,0,0,0,0,0,0,0,0,0,0,0,0,169,4,0,0,0,0,0,0,0,0,171,3,168,3,171,2,43,135,1,169,0,168,0,166,4,0,0,0,0,0,0,93,89,1,0,0,0,0,0,0,20,203,3,0,0,0,0,0,0,0,0,0,0,0,0,0,0,0,0,206,2,0,0,0,0,0,0,0,16,0,17,0,18,200,1,0,16,0,15,0,13,0,0,0,0,0,0,0,76,140,1,0,0,0,0,
,0027,EAST RIDGE C,1474,121,66,55,62,1,60,2,0,0,0,0,0,0,0,0,0,0,0,0,0,0,0,59,2,0,0,0,0,0,0,0,0,63,1,61,2,62,1,12,54,0,63,1,62,1,62,1,0,0,0,0,0,0,31,34,0,0,0,0,0,0,0,4,51,1,0,0,0,0,0,0,0,0,0,0,0,0,0,0,0,0,51,1,0,0,0,0,0,0,0,4,0,4,0,5,51,0,0,5,0,5,0,6,0,0,0,0,0,0,0,22,33,0,0,0,0,0,
,0028,EAST RIDGE D,2856,200,101,99,93,0,89,3,0,0,0,0,0,0,0,0,0,0,0,0,0,0,0,89,1,0,0,0,0,0,0,0,0,97,0,96,0,94,1,24,72,0,93,0,93,0,93,0,0,0,0,0,0,0,60,37,0,0,0,0,0,0,0,7,88,1,0,0,0,0,0,0,0,0,0,0,0,0,0,0,0,0,85,2,0,0,0,0,0,0,0,8,0,9,0,10,89,0,0,9,0,9,0,8,0,0,0,0,0,0,0,22,72,0,0,0,0,0,
,0029,EASTGATE,1966,345,29,316,24,0,24,2,0,0,0,0,0,0,0,0,0,0,1,0,0,0,0,0,0,0,0,0,0,0,0,0,0,26,0,26,0,25,0,9,17,0,24,0,23,0,24,0,0,0,0,1,0,0,0,0,0,0,0,0,0,0,0,21,250,8,0,0,0,0,0,0,0,0,0,119,196,1,0,0,0,0,0,0,0,0,0,0,0,0,0,15,0,18,0,16,281,3,0,14,0,13,0,13,0,0,155,155,0,0,0,0,0,0,0,0,0,0,
,0030,EASTSIDE,2640,219,49,170,42,4,37,10,0,0,0,0,0,0,0,0,0,0,0,0,0,0,0,0,0,0,0,0,0,0,0,44,3,38,6,40,4,43,4,14,32,3,42,4,42,4,42,4,0,0,0,0,0,0,0,0,0,0,0,0,0,0,0,13,144,0,0,0,0,0,0,0,0,0,0,0,0,0,0,0,0,0,0,0,0,0,0,0,159,1,0,12,0,14,0,13,157,1,0,9,0,12,0,9,0,0,0,0,0,0,0,0,0,0,0,0,0,0,
,0031,FAIRMOUNT,2776,351,282,69,222,3,240,6,0,0,158,122,0,0,0,0,0,0,0,0,0,0,0,0,0,0,0,0,0,0,0,0,0,241,2,242,1,224,3,64,161,3,219,2,228,1,229,1,0,0,0,0,0,0,0,0,0,0,0,0,0,0,0,10,69,0,0,0,66,1,0,0,0,0,0,0,0,0,0,0,0,0,0,0,0,0,0,0,0,0,0,7,0,7,0,7,58,0,0,7,0,7,0,8,0,0,0,0,0,0,0,0,0,0,0,0,0,0,
,0032,FALLING WATER A,507,44,30,14,24,0,26,3,27,0,0,0,0,0,0,0,0,0,0,0,0,0,0,0,0,0,0,0,0,0,0,0,0,26,0,27,0,23,0,3,21,0,22,0,23,0,23,0,0,0,0,0,0,0,0,0,0,0,0,0,0,0,0,0,12,0,14,0,0,0,0,0,0,0,0,0,0,0,0,0,0,0,0,0,0,0,0,0,0,0,0,0,0,0,0,0,14,0,0,1,0,0,0,1,0,0,0,0,0,0,0,0,0,0,0,0,0,0,
,0033,FALLING WATER B,972,121,106,15,92,0,92,5,0,0,37,69,0,0,0,0,0,0,0,0,0,0,0,0,0,0,0,0,0,0,0,0,0,96,1,97,0,89,0,25,62,1,87,0,84,0,87,0,0,0,0,0,0,0,0,0,0,0,0,0,0,0,0,0,15,0,0,0,14,0,0,0,0,0,0,0,0,0,0,0,0,0,0,0,0,0,0,0,0,0,0,0,0,0,0,0,13,0,0,0,0,0,0,0,0,0,0,0,0,0,0,0,0,0,0,0,0,0,
,0034,FLAT TOP MOUNTAIN,497,45,37,8,34,0,30,4,36,1,0,0,0,0,0,0,0,0,0,0,0,0,0,0,0,0,0,0,0,0,0,0,0,34,0,35,0,33,1,9,23,0,31,0,32,0,32,0,0,0,0,0,0,0,0,0,0,0,0,0,0,0,0,0,6,0,7,1,0,0,0,0,0,0,0,0,0,0,0,0,0,0,0,0,0,0,0,0,0,0,0,0,0,1,0,0,6,0,0,0,0,0,0,0,0,0,0,0,0,0,0,0,0,0,0,0,0,0,
,0035,GANNS,3587,266,186,80,169,2,168,4,0,0,0,0,0,167,3,0,0,0,0,0,0,0,0,0,0,0,0,0,0,0,0,0,0,176,1,173,1,174,2,49,118,0,174,1,171,1,171,1,164,7,0,0,0,0,0,0,0,0,0,0,0,0,0,4,76,1,0,0,0,0,0,4,0,0,0,0,0,0,0,0,0,0,0,0,0,0,0,0,0,0,0,3,0,3,0,2,76,0,0,3,0,2,0,3,76,0,0,0,0,0,0,0,0,0,0,0,0,0,
,0036,GLENWOOD,1782,309,23,286,21,1,15,3,0,0,0,0,0,0,0,0,0,0,2,0,0,0,0,0,0,0,0,0,0,0,0,0,0,21,0,19,2,19,1,3,15,0,19,1,19,1,19,1,0,0,0,3,0,0,0,0,0,0,0,0,0,0,0,11,215,5,0,0,0,0,0,0,0,0,0,128,153,1,0,0,0,0,0,0,0,0,0,0,0,0,0,11,0,12,0,10,257,2,0,11,0,9,0,10,0,0,135,136,0,0,0,0,0,0,0,0,0,0,
,0037,HARRISON,3450,495,313,182,258,3,261,15,0,0,0,0,0,0,0,0,0,0,0,0,0,0,0,0,0,68,241,1,0,0,0,0,0,271,6,261,8,268,3,73,196,1,267,4,256,5,256,5,0,0,0,0,0,0,0,0,0,169,119,2,0,0,0,13,165,1,0,0,0,0,0,0,0,0,0,0,0,0,0,0,0,0,0,0,0,11,0,0,0,0,0,8,0,10,0,9,169,0,0,9,0,8,0,8,0,0,0,0,0,0,0,0,0,0,169,2,0,0,
,0038,HARRISON BAY,4154,606,506,100,436,3,450,18,0,0,0,0,0,0,0,0,0,0,0,0,0,0,0,0,0,125,374,1,0,0,0,0,0,474,3,473,2,454,5,105,352,4,449,2,442,3,447,4,0,0,0,0,0,0,0,0,0,271,214,3,0,0,0,6,91,2,0,0,0,0,0,0,0,0,0,0,0,0,0,0,0,0,0,0,0,9,0,0,0,0,0,6,0,5,0,4,91,0,0,3,0,5,0,5,0,0,0,0,0,0,0,0,0,0,95,0,0,0,
,0039,HIXSON,2032,192,97,95,90,1,84,4,0,0,0,0,0,88,2,0,0,0,0,0,0,0,0,0,0,0,0,0,0,0,0,0,0,92,1,90,2,89,1,24,69,1,87,2,88,1,90,1,89,1,0,0,0,0,0,0,0,0,0,0,0,0,0,6,90,1,0,0,0,0,0,7,0,0,0,0,0,0,0,0,0,0,0,0,0,0,0,0,0,0,0,8,0,8,0,5,89,0,0,5,0,8,0,7,92,0,0,0,0,0,0,0,0,0,0,0,0,0,
,0040,HUNTER,4057,461,368,93,309,2,301,23,0,0,0,0,0,0,0,0,0,0,0,0,0,0,0,0,0,71,290,0,0,0,0,0,0,339,2,342,1,331,1,70,261,0,321,1,322,1,326,1,0,0,0,0,0,0,0,0,0,217,125,1,0,0,0,5,83,1,0,0,0,0,0,0,0,0,0,0,0,0,0,0,0,0,0,0,0,9,0,0,0,0,0,6,0,6,0,6,86,1,0,9,0,7,0,7,0,0,0,0,0,0,0,0,0,0,84,2,0,0,
,0041,HURRICANE CREEK,4465,377,214,163,192,4,180,16,0,0,0,0,0,0,0,0,0,0,0,0,0,191,12,0,0,0,0,0,0,0,0,0,0,202,1,204,3,192,4,30,164,2,200,2,199,2,201,1,0,0,0,0,0,0,0,0,0,0,0,0,0,0,0,13,148,0,0,0,0,0,0,0,0,0,0,0,0,0,0,0,154,1,0,0,0,0,0,0,0,0,0,7,0,9,0,9,149,0,0,5,0,9,0,7,0,0,0,0,0,0,0,0,0,0,0,0,0,0,
,0042,KINGSPOINT,1801,282,22,260,17,1,20,1,0,0,0,0,0,0,0,0,4,0,0,0,0,0,0,0,0,0,0,0,0,0,0,0,0,21,0,19,0,18,0,9,11,0,20,0,18,0,19,0,0,0,0,0,0,0,0,0,0,0,0,0,0,0,0,7,204,3,0,0,0,0,0,0,158,100,0,0,0,0,0,0,0,0,0,0,0,0,0,0,0,0,0,4,0,5,0,6,240,2,0,3,0,5,0,5,0,0,0,0,0,0,0,0,0,0,0,0,0,0,
,0043,LAKE HILLS,1455,246,19,227,16,0,17,0,0,0,0,0,0,0,0,0,0,0,1,0,0,0,0,0,0,0,0,0,0,0,0,0,0,18,0,18,0,17,0,5,14,0,18,0,17,1,18,0,0,0,0,1,0,0,0,0,0,0,0,0,0,0,0,6,160,2,0,0,0,0,0,0,0,0,0,101,123,1,0,0,0,0,0,0,0,0,0,0,0,0,0,6,0,10,0,5,198,2,0,6,0,8,0,8,0,0,79,145,0,0,0,0,0,0,0,0,0,0,
,0044,LAKESITE,1354,78,62,16,58,1,59,3,0,0,0,0,0,58,1,0,0,0,0,0,0,0,0,0,0,0,0,0,0,0,0,0,0,59,0,62,0,59,1,17,43,0,59,0,60,0,60,0,58,1,0,0,0,0,0,0,0,0,0,0,0,0,0,1,16,0,0,0,0,0,0,0,0,0,0,0,0,0,0,0,0,0,0,0,0,0,0,0,0,0,0,0,0,0,0,0,15,0,0,0,0,0,0,0,16,0,0,0,0,0,0,0,0,0,0,0,0,0,
,0045,LOOKOUT MOUNTAIN,1527,77,54,23,50,1,44,6,0,0,0,0,0,0,0,0,0,0,0,0,0,0,0,0,0,0,0,0,0,0,0,52,0,51,0,53,0,52,0,16,35,0,51,0,51,0,50,0,0,0,0,0,0,0,0,0,0,0,0,0,0,17,0,4,23,0,0,0,0,0,0,0,0,0,0,0,0,0,0,0,0,0,0,0,0,0,0,0,23,0,0,4,0,3,0,3,21,0,0,2,0,2,0,3,0,0,0,0,0,0,0,0,0,0,0,0,0,11,
,0046,LOOKOUT VALLEY,4178,294,206,88,184,3,178,8,0,0,0,0,0,0,0,0,0,0,0,0,0,0,0,0,0,0,0,0,0,0,0,191,4,191,2,187,5,191,1,36,159,1,188,2,187,2,186,2,0,0,0,0,0,0,0,0,0,0,0,0,0,0,0,5,83,1,0,0,0,0,0,0,0,0,0,0,0,0,0,0,0,0,0,0,0,0,0,0,80,0,0,5,0,6,0,5,74,0,0,6,0,4,0,4,0,0,0,0,0,0,0,0,0,0,0,0,0,0,
,0047,LUPTON CITY,2565,213,94,119,87,0,81,7,0,0,0,0,0,0,0,0,0,0,0,0,16,0,0,0,0,0,0,0,0,0,0,0,0,90,1,88,1,89,0,20,68,0,88,0,88,1,89,0,0,0,0,0,83,2,0,0,0,0,0,0,0,0,0,9,113,1,0,0,0,0,0,0,0,0,0,0,0,0,110,3,0,0,0,0,0,0,0,0,0,0,0,12,0,9,0,10,112,1,0,12,0,11,0,10,0,0,0,0,0,116,2,0,0,0,0,0,0,0,
,0048,MEADOWVIEW,3013,400,355,45,317,0,329,4,0,0,0,0,0,0,0,0,0,0,0,0,0,0,0,0,0,64,288,0,0,0,0,0,0,340,1,335,0,320,0,61,267,0,323,0,320,0,318,1,0,0,0,0,0,0,0,0,0,173,164,0,0,0,0,1,44,0,0,0,0,0,0,0,0,0,0,0,0,0,0,0,0,0,0,0,0,2,0,0,0,0,0,2,0,1,0,1,39,0,0,1,0,1,0,1,0,0,0,0,0,0,0,0,0,0,43,0,0,0,
,0049,MIDDLE VALLEY,2045,133,95,38,85,1,78,5,0,0,0,0,0,86,2,0,0,0,0,0,0,0,0,0,0,0,0,0,0,0,0,0,0,88,1,90,2,87,1,22,70,1,87,1,87,1,90,1,88,1,0,0,0,0,0,0,0,0,0,0,0,0,0,2,34,0,0,0,0,0,0,2,0,0,0,0,0,0,0,0,0,0,0,0,0,0,0,0,0,0,0,2,0,5,0,2,34,0,0,2,0,3,0,2,37,0,0,0,0,0,0,0,0,0,0,0,0,0,
,0050,MISSIONARY RIDGE,1416,152,47,105,38,2,36,7,0,0,0,0,0,0,0,0,0,0,0,0,0,0,0,0,0,0,0,0,0,0,0,42,2,38,2,40,3,38,3,18,26,0,38,2,39,2,38,4,0,0,0,0,0,0,0,0,0,0,0,0,0,0,0,7,91,0,0,0,0,0,0,0,0,0,0,0,0,0,0,0,0,0,0,0,0,0,0,0,94,3,0,5,0,5,0,5,95,0,0,5,0,5,0,5,0,0,0,0,0,0,0,0,0,0,0,0,0,0,
,0051,MOUNTAIN CREEK A,3497,449,289,160,227,1,222,15,0,0,155,128,0,0,0,0,0,0,0,0,0,0,0,0,0,0,0,0,0,0,0,0,0,253,2,242,6,234,2,54,192,0,232,1,231,1,231,3,0,0,0,0,0,0,0,0,0,0,0,0,0,0,0,8,146,2,0,0,150,1,0,0,0,0,0,0,0,0,0,0,0,0,0,0,0,0,0,0,0,0,0,6,0,5,0,8,147,1,0,6,0,7,0,5,0,0,0,0,0,0,0,0,0,0,0,0,0,0,
,0052,MOUNTAIN CREEK B,1359,128,72,56,57,1,61,3,0,0,45,26,0,0,0,0,0,0,0,0,0,0,0,0,0,0,0,0,0,0,0,0,0,63,0,65,1,61,0,19,39,1,56,1,59,0,59,1,0,0,0,0,0,0,0,0,0,0,0,0,0,0,0,5,54,0,0,0,54,0,0,0,0,0,0,0,0,0,0,0,0,0,0,0,0,0,0,0,0,0,0,5,0,4,0,5,50,0,0,5,0,4,0,4,0,0,0,0,0,0,0,0,0,0,0,0,0,0,
,0053,MOUNTAIN CREEK C,182,12,3,9,3,0,3,0,0,0,1,2,0,0,0,0,0,0,0,0,0,0,0,0,0,0,0,0,0,0,0,0,0,3,0,3,0,3,0,1,2,0,3,0,3,0,3,0,0,0,0,0,0,0,0,0,0,0,0,0,0,0,0,0,9,0,0,0,9,0,0,0,0,0,0,0,0,0,0,0,0,0,0,0,0,0,0,0,0,0,0,0,0,0,0,0,9,0,0,0,0,0,0,0,0,0,0,0,0,0,0,0,0,0,0,0,0,0,
,0054,MOWBRAY A,504,66,59,7,48,0,44,6,0,0,23,36,0,0,0,0,0,0,0,0,0,0,0,0,0,0,0,0,0,0,0,0,0,51,0,51,1,53,0,10,40,1,48,0,52,0,49,0,0,0,0,0,0,0,0,0,0,0,0,0,0,0,0,0,7,0,0,0,6,0,0,0,0,0,0,0,0,0,0,0,0,0,0,0,0,0,0,0,0,0,0,0,0,1,0,0,4,0,0,0,0,0,0,0,0,0,0,0,0,0,0,0,0,0,0,0,0,0,
,0055,MOWBRAY B,674,76,67,9,60,0,61,2,61,2,0,0,0,0,0,0,0,0,0,0,0,0,0,0,0,0,0,0,0,0,0,0,0,64,0,63,0,62,0,9,52,0,62,0,62,0,62,0,0,0,0,0,0,0,0,0,0,0,0,0,0,0,0,0,9,0,9,0,0,0,0,0,0,0,0,0,0,0,0,0,0,0,0,0,0,0,0,0,0,0,0,0,0,0,0,0,9,0,0,0,0,0,0,0,0,0,0,0,0,0,0,0,0,0,0,0,0,0,
,0056,MURRAY HILLS,1719,247,40,207,39,0,34,1,0,0,0,0,0,0,0,0,3,0,0,0,0,0,0,0,0,0,0,0,0,0,0,0,0,38,0,36,1,38,0,9,31,0,37,0,39,0,38,0,0,0,0,0,0,0,0,0,0,0,0,0,0,0,0,5,147,2,0,0,0,0,0,0,116,89,0,0,0,0,0,0,0,0,0,0,0,0,0,0,0,0,0,6,0,7,0,5,188,2,0,5,0,4,0,5,0,0,0,0,0,0,0,0,0,0,0,0,0,0,
,0057,NORTH CHATTANOOGA A,1673,167,55,112,45,3,39,9,0,0,0,0,0,0,0,0,0,0,0,0,9,0,0,0,0,0,0,0,0,0,0,0,0,47,3,46,3,45,3,16,37,1,46,3,46,3,46,3,0,0,0,0,44,3,0,0,0,0,0,0,0,0,0,7,106,2,0,0,0,0,0,0,0,0,0,0,0,0,103,4,0,0,0,0,0,0,0,0,0,0,0,6,0,10,0,9,106,0,0,5,0,5,0,7,0,0,0,0,0,106,0,0,0,0,0,0,0,0,
,0058,NORTH CHATTANOOGA B,1135,65,18,47,16,0,15,0,0,0,0,0,0,0,0,0,0,0,0,0,1,0,0,0,0,0,0,0,0,0,0,0,0,18,0,18,0,17,0,3,13,0,17,0,17,0,17,0,0,0,0,0,16,0,0,0,0,0,0,0,0,0,0,2,45,0,0,0,0,0,0,0,0,0,0,0,0,0,46,0,0,0,0,0,0,0,0,0,0,0,0,0,0,1,0,0,44,0,0,0,0,0,0,0,0,0,0,0,0,45,0,0,0,0,0,0,0,0,
,0059,NORTHGATE,2878,223,123,100,115,0,113,2,0,0,0,0,0,116,0,0,0,0,0,0,0,0,0,0,0,0,0,0,0,0,0,0,0,119,0,119,1,119,0,27,86,0,116,0,111,0,115,0,111,2,0,0,0,0,0,0,0,0,0,0,0,0,0,3,94,0,0,0,0,0,0,5,0,0,0,0,0,0,0,0,0,0,0,0,0,0,0,0,0,0,0,2,0,3,0,4,96,0,0,2,0,2,0,2,97,0,0,0,0,0,0,0,0,0,0,0,0,0,
,0060,NORTHSHORE,3053,311,74,237,65,1,61,4,0,0,0,0,0,0,0,0,0,0,0,0,7,0,0,0,0,0,0,0,0,0,0,0,0,66,2,64,2,63,1,18,48,1,63,1,60,1,66,1,0,0,0,0,61,3,0,0,0,0,0,0,0,0,0,13,228,3,0,0,0,0,0,0,0,0,0,0,0,0,225,1,0,0,0,0,0,0,0,0,0,0,0,14,0,12,0,9,218,1,0,12,0,12,0,13,0,0,0,0,0,230,2,0,0,0,0,0,0,0,
,0061,NORTHWOODS,3584,345,214,131,176,5,175,14,0,0,99,112,3,0,0,0,0,0,0,0,0,0,0,0,0,0,0,0,0,0,0,0,0,188,3,187,7,182,5,54,128,4,175,6,181,5,180,5,0,0,0,0,0,0,0,0,0,0,0,0,0,0,0,11,118,3,0,0,118,3,0,0,0,0,0,0,0,0,0,0,0,0,0,0,0,0,0,0,0,0,0,10,0,17,0,12,119,1,0,12,0,13,0,7,0,0,0,0,0,0,0,0,0,0,0,0,0,0,
,0062,OOLTEWAH,4857,405,338,67,276,3,285,8,0,0,0,0,0,0,0,0,0,0,0,0,0,0,0,0,0,0,0,0,261,77,0,0,0,310,2,306,1,282,4,84,215,0,289,0,284,1,284,2,0,0,0,0,0,0,0,0,0,0,0,0,0,0,0,4,57,1,0,0,0,0,0,0,0,0,0,0,0,0,0,0,0,0,0,0,0,0,0,7,0,0,0,3,0,5,0,4,62,0,0,4,0,3,0,3,0,0,0,0,0,0,0,0,0,0,0,0,0,0,
,0063,OOLTEWAH GEORGETOWN,2387,285,252,33,216,3,226,8,0,0,0,0,0,0,0,0,0,0,0,0,0,0,0,0,0,0,0,0,211,39,2,0,0,239,4,236,3,229,2,69,159,1,223,3,220,3,227,3,0,0,0,0,0,0,0,0,0,0,0,0,0,0,0,3,31,1,0,0,0,0,0,0,0,0,0,0,0,0,0,0,0,0,0,0,0,0,0,4,0,0,0,3,0,4,0,2,25,1,0,4,0,3,0,4,0,0,0,0,0,0,0,0,0,0,0,0,0,0,
,0064,OOLTEWAH RINGGOLD,5204,321,204,117,190,1,184,9,0,0,0,0,0,0,0,0,0,0,0,0,0,188,8,0,0,0,0,0,0,0,0,0,0,198,4,198,1,193,2,48,144,0,196,0,194,1,198,1,0,0,0,0,0,0,0,0,0,0,0,0,0,0,0,3,105,0,0,0,0,0,0,0,0,0,0,0,0,0,0,0,109,0,0,0,0,0,0,0,0,0,0,3,0,3,0,3,111,1,0,3,0,4,0,3,0,0,0,0,0,0,0,0,0,0,0,0,0,0,
,0065,PLEASANT GROVE A,3291,247,156,91,139,3,128,14,0,0,0,0,0,142,3,0,0,0,0,0,0,0,0,0,0,0,0,0,0,0,0,0,0,145,1,143,5,144,2,36,111,1,144,1,143,1,139,3,136,6,0,0,0,0,0,0,0,0,0,0,0,0,0,5,87,1,0,0,0,0,0,4,0,0,0,0,0,0,0,0,0,0,0,0,0,0,0,0,0,0,0,4,0,5,0,4,87,0,0,4,0,4,0,4,86,2,0,0,0,0,0,0,0,0,0,0,0,0,
,0066,PLEASANT GROVE B,255,10,4,6,3,0,4,0,4,0,0,0,0,0,0,0,0,0,0,0,0,0,0,0,0,0,0,0,0,0,0,0,0,4,0,4,0,4,0,1,3,0,4,0,4,0,4,0,0,0,0,0,0,0,0,0,0,0,0,0,0,0,0,0,6,0,6,0,0,0,0,0,0,0,0,0,0,0,0,0,0,0,0,0,0,0,0,0,0,0,0,0,0,0,0,0,6,0,0,0,0,0,0,0,0,0,0,0,0,0,0,0,0,0,0,0,0,0,
,0067,POSSUM CREEK,3367,243,182,61,161,0,173,2,172,4,0,0,0,0,0,0,0,0,0,0,0,0,0,0,0,0,0,0,0,0,0,0,0,176,0,176,2,171,0,46,123,0,169,1,169,1,171,0,0,0,0,0,0,0,0,0,0,0,0,0,0,0,0,4,58,0,59,0,0,0,0,0,0,0,0,0,0,0,0,0,0,0,0,0,0,0,0,0,0,0,0,5,0,5,0,4,51,0,0,4,0,5,0,4,0,0,0,0,0,0,0,0,0,0,0,0,0,0,
,0068,RED BANK A,3061,207,57,150,47,0,38,6,0,0,0,0,0,0,0,0,0,0,0,0,4,0,0,0,0,0,0,0,0,0,0,0,0,47,0,48,1,47,1,18,36,0,48,0,46,1,46,1,0,0,0,0,44,0,0,0,0,0,0,0,0,0,0,10,144,0,0,0,0,0,0,0,0,0,0,0,0,0,147,2,0,0,0,0,0,0,0,0,0,0,0,9,0,11,0,8,138,2,0,10,0,10,0,9,0,0,0,0,0,147,0,0,0,0,0,0,0,0,
,0069,RED BANK B,2396,156,74,82,63,0,62,5,0,0,0,0,0,0,0,0,0,0,0,0,7,0,0,0,0,0,0,0,0,0,0,0,0,66,0,69,0,61,0,28,42,0,62,0,61,1,65,1,0,0,0,0,61,0,0,0,0,0,0,0,0,0,0,4,81,0,0,0,0,0,0,0,0,0,0,0,0,0,79,1,0,0,0,0,0,0,0,0,0,0,0,5,0,5,0,3,80,0,0,3,0,3,0,3,0,0,0,0,0,79,1,0,0,0,0,0,0,0,
,0070,RED BANK C,1842,134,67,67,55,2,57,5,0,0,0,0,0,0,0,0,0,0,0,0,7,0,0,0,0,0,0,0,0,0,0,0,0,60,2,58,2,55,2,21,41,1,56,2,56,2,56,2,0,0,0,0,56,2,0,0,0,0,0,0,0,0,0,1,65,0,0,0,0,0,0,0,0,0,0,0,0,0,63,0,0,0,0,0,0,0,0,0,0,0,0,1,0,2,0,1,60,1,0,1,0,2,0,1,0,0,0,0,0,63,0,0,0,0,0,0,0,0,
,0071,RIDGEDALE,2070,386,20,366,20,0,17,2,0,0,0,0,0,0,0,0,3,0,0,0,0,0,0,0,0,0,0,0,0,0,0,0,0,19,0,19,1,20,0,3,15,0,20,0,19,0,18,0,0,0,0,0,0,0,0,0,0,0,0,0,0,0,0,19,298,10,0,0,0,0,0,0,95,265,1,0,0,0,0,0,0,0,0,0,0,0,0,0,0,0,0,17,0,19,0,17,327,0,0,15,0,15,0,18,0,0,0,0,0,0,0,0,0,0,0,0,0,0,
,0072,RIDGESIDE,354,85,20,65,18,0,14,1,0,0,0,0,0,0,0,0,0,0,1,0,0,0,0,0,0,0,0,0,0,0,0,0,0,16,0,17,0,16,0,1,19,0,17,0,16,0,17,0,0,0,0,2,0,0,0,0,0,0,0,0,0,0,0,4,58,0,0,0,0,0,0,0,0,0,0,13,51,0,0,0,0,0,0,0,0,0,0,0,0,0,0,3,0,3,0,4,55,0,0,1,0,4,0,4,0,0,27,32,1,0,0,0,0,0,0,0,0,0,
,0073,RIVERVIEW,1868,149,35,114,29,1,26,4,0,0,0,0,0,0,0,0,0,0,0,0,5,0,0,0,0,0,0,0,0,0,0,0,0,30,2,31,2,27,0,12,21,0,29,0,31,0,27,2,0,0,0,0,26,2,0,0,0,0,0,0,0,0,0,5,109,1,0,0,0,0,0,0,0,0,0,0,0,0,110,2,0,0,0,0,0,0,0,0,0,0,0,6,0,9,0,6,104,2,0,6,0,7,0,6,0,0,0,0,0,112,1,0,0,0,0,0,0,0,
,0074,SALE CREEK,2301,175,138,37,124,1,129,4,133,2,0,0,0,0,0,0,0,0,0,0,0,0,0,0,0,0,0,0,0,0,0,0,0,125,3,125,3,125,2,31,98,0,125,1,124,1,127,2,0,0,0,0,0,0,0,0,0,0,0,0,0,0,0,3,35,0,36,0,0,0,0,0,0,0,0,0,0,0,0,0,0,0,0,0,0,0,0,0,0,0,0,3,0,3,0,3,31,0,0,3,0,3,0,3,0,0,0,0,0,0,0,0,0,0,0,0,0,0,
,0075,SAVANNAH BAY,3140,410,344,66,296,1,292,9,0,0,0,0,0,0,0,0,0,0,0,0,0,0,0,0,0,0,0,0,289,54,0,0,0,315,4,315,1,305,2,82,234,1,302,2,300,1,304,3,0,0,0,0,0,0,0,0,0,0,0,0,0,0,0,3,62,2,0,0,0,0,0,0,0,0,0,0,0,0,0,0,0,0,0,0,0,0,0,3,0,0,0,3,0,3,0,2,55,2,0,2,0,3,0,3,0,0,0,0,0,0,0,0,0,0,0,0,0,0,
,0076,SEQUOYAH,2579,159,117,42,109,1,105,2,106,4,0,0,0,0,0,0,0,0,0,0,0,0,0,0,0,0,0,0,0,0,0,0,0,108,1,110,0,110,1,31,77,0,110,0,111,0,111,0,0,0,0,0,0,0,0,0,0,0,0,0,0,0,0,4,40,0,38,1,0,0,0,0,0,0,0,0,0,0,0,0,0,0,0,0,0,0,0,0,0,0,0,4,0,5,0,4,37,0,0,4,0,4,0,4,0,0,0,0,0,0,0,0,0,0,0,0,0,0,
,0077,SIGNAL MOUNTAIN A,2290,310,237,73,197,3,194,14,0,0,172,63,0,0,0,0,0,0,0,0,0,0,0,0,0,0,0,0,0,0,0,0,0,206,2,202,6,197,3,59,141,0,199,2,203,2,202,2,0,0,0,0,0,0,0,0,0,0,0,0,0,0,0,2,69,0,0,0,70,1,0,0,0,0,0,0,0,0,0,0,0,0,0,0,0,0,0,0,0,0,0,1,0,1,0,1,68,0,0,0,0,1,0,1,0,0,0,0,0,0,0,0,0,0,0,0,0,0,
,0078,SIGNAL MOUNTAIN B,4271,593,444,149,371,7,353,27,0,0,327,114,0,0,0,0,0,0,0,0,0,0,0,0,0,0,0,0,0,0,0,0,0,380,7,376,9,376,7,97,281,2,371,4,378,2,375,4,0,0,0,0,0,0,0,0,0,0,0,0,0,0,0,11,136,1,0,0,143,1,0,0,0,0,0,0,0,0,0,0,0,0,0,0,0,0,0,0,0,0,0,5,0,9,0,8,134,0,0,7,0,6,0,8,0,0,0,0,0,0,0,0,0,0,0,0,0,0,
,0079,SILVERDALE,1381,144,69,75,61,1,58,4,0,0,0,0,0,0,0,0,0,0,0,0,0,0,0,0,0,0,0,0,50,16,0,0,0,63,1,61,1,60,1,17,44,1,61,1,59,1,61,1,0,0,0,0,0,0,0,0,0,0,0,0,0,0,0,7,60,1,0,0,0,0,0,0,0,0,0,0,0,0,0,0,0,0,0,0,0,0,0,8,0,0,0,6,0,5,0,6,71,1,0,6,0,5,0,6,0,0,0,0,0,0,0,0,0,0,0,0,0,0,
,0080,SODDY DAISY A,3071,243,186,57,156,1,166,11,171,9,0,0,0,0,0,0,0,0,0,0,0,0,0,0,0,0,0,0,0,0,0,0,0,172,2,171,4,167,1,48,123,2,164,0,165,1,169,1,0,0,0,0,0,0,0,0,0,0,0,0,0,0,0,3,56,0,55,0,0,0,0,0,0,0,0,0,0,0,0,0,0,0,0,0,0,0,0,0,0,0,0,5,0,4,0,5,51,0,0,6,0,5,0,5,0,0,0,0,0,0,0,0,0,0,0,0,0,0,
,0081,SODDY DAISY B,2909,221,173,48,156,1,167,3,159,3,0,0,0,0,0,0,0,0,0,0,0,0,0,0,0,0,0,0,0,0,0,0,0,163,1,165,2,165,0,46,118,0,160,1,158,1,165,0,0,0,0,0,0,0,0,0,0,0,0,0,0,0,0,1,46,0,46,0,0,0,0,0,0,0,0,0,0,0,0,0,0,0,0,0,0,0,0,0,0,0,0,2,0,1,0,1,44,0,0,1,0,1,0,1,0,0,0,0,0,0,0,0,0,0,0,0,0,0,
,0082,SODDY DAISY C,1572,151,128,23,108,1,119,2,118,4,0,0,0,0,0,0,0,0,0,0,0,0,0,0,0,0,0,0,0,0,0,0,0,122,1,120,2,118,1,23,92,3,113,1,111,2,115,2,0,0,0,0,0,0,0,0,0,0,0,0,0,0,0,0,22,0,20,0,0,0,0,0,0,0,0,0,0,0,0,0,0,0,0,0,0,0,0,0,0,0,0,0,0,0,0,0,20,0,0,0,0,0,0,0,0,0,0,0,0,0,0,0,0,0,0,0,0,0,
,0083,ST ELMO,2538,312,63,249,53,2,51,11,0,0,0,0,0,0,0,0,0,0,0,0,0,0,0,0,0,0,0,0,0,0,0,59,0,55,1,53,3,55,1,27,31,1,55,0,55,1,56,0,0,0,0,0,0,0,0,0,0,0,0,0,0,0,0,15,228,4,0,0,0,0,0,0,0,0,0,0,0,0,0,0,0,0,0,0,0,0,0,0,246,1,0,10,0,16,0,14,225,1,0,12,0,10,0,10,0,0,0,0,0,0,0,0,0,0,0,0,0,0,
,0084,STUART HEIGHTS,3033,228,76,152,68,1,63,7,0,0,0,0,0,0,0,0,0,0,0,0,10,0,0,0,0,0,0,0,0,0,0,0,0,73,2,71,1,69,1,18,54,0,70,1,71,1,71,1,0,0,0,0,67,1,0,0,0,0,0,0,0,0,0,9,145,2,0,0,0,0,0,0,0,0,0,0,0,0,149,0,0,0,0,0,0,0,0,0,0,0,0,8,0,8,0,6,148,0,0,7,0,7,0,8,0,0,0,0,0,147,0,0,0,0,0,0,0,0,
,0085,SUMMIT,3237,292,182,110,155,2,162,6,0,0,0,0,0,0,0,0,0,0,0,0,0,0,0,0,0,0,0,0,126,51,3,0,0,170,2,168,4,170,2,44,122,2,162,2,160,2,168,2,0,0,0,0,0,0,0,0,0,0,0,0,0,0,0,3,88,2,0,0,0,0,0,0,0,0,0,0,0,0,0,0,0,0,0,0,0,0,0,8,0,0,0,4,0,6,0,4,104,0,0,4,0,5,0,4,0,0,0,0,0,0,0,0,0,0,0,0,0,0,
,0086,TYNER,2193,297,96,201,89,1,91,1,0,0,0,0,0,0,0,0,0,0,6,0,0,0,0,0,0,0,0,0,0,0,0,0,0,93,0,92,0,93,1,25,65,2,90,0,90,0,91,2,0,0,0,4,0,0,0,0,0,0,0,0,0,0,0,4,160,2,0,0,0,0,0,0,0,0,0,74,126,0,0,0,0,0,0,0,0,0,0,0,0,0,0,5,0,4,0,6,189,1,0,5,0,3,0,4,0,0,94,106,0,0,0,0,0,0,0,0,0,0,
,0087,VALLEYBROOK,4411,416,275,141,238,1,245,9,0,0,0,0,0,246,8,0,0,0,0,0,0,0,0,0,0,0,0,0,0,0,0,0,0,251,4,246,5,244,3,63,195,1,247,3,242,2,244,1,216,23,0,0,0,0,0,0,0,0,0,0,0,0,0,6,131,2,0,0,0,0,0,4,0,0,0,0,0,0,0,0,0,0,0,0,0,0,0,0,0,0,0,3,0,5,0,4,133,1,0,4,0,3,0,3,136,1,0,0,0,0,0,0,0,0,0,0,0,0,
,0088,WALDEN,1587,205,167,38,143,2,147,5,0,0,112,54,1,0,0,0,0,0,0,0,0,0,0,0,0,0,0,0,0,0,0,0,0,153,2,156,1,148,2,28,115,1,145,2,146,1,149,1,0,0,0,0,0,0,0,0,0,0,0,0,0,0,0,0,33,1,0,0,30,2,0,0,0,0,0,0,0,0,0,0,0,0,0,0,0,0,0,0,0,0,0,0,0,0,0,0,28,0,0,0,0,0,0,0,0,0,0,0,0,0,0,0,0,0,0,0,0,0,
,0089,WESTVIEW A,1552,94,55,39,46,0,42,5,0,0,0,0,0,0,0,0,0,0,0,0,0,48,1,0,0,0,0,0,0,0,0,0,0,51,0,50,0,46,0,9,37,1,46,0,48,0,50,0,0,0,0,0,0,0,0,0,0,0,0,0,0,0,0,4,33,0,0,0,0,0,0,0,0,0,0,0,0,0,0,0,35,0,0,0,0,0,0,0,0,0,0,5,0,3,0,4,35,0,0,2,0,4,0,3,0,0,0,0,0,0,0,0,0,0,0,0,0,0,
,0090,WESTVIEW B,2955,200,122,78,114,2,100,11,0,0,0,0,0,0,0,0,0,0,0,0,0,111,4,0,0,0,0,0,0,0,0,0,0,111,5,112,4,111,4,36,79,1,111,2,110,2,110,4,0,0,0,0,0,0,0,0,0,0,0,0,0,0,0,4,70,0,0,0,0,0,0,0,0,0,0,0,0,0,0,0,74,0,0,0,0,0,0,0,0,0,0,6,0,4,0,4,70,0,0,2,0,5,0,7,0,0,0,0,0,0,0,0,0,0,0,0,0,0,
,0091,WOLFTEVER,4432,553,358,195,301,2,307,8,0,0,0,0,0,0,0,0,0,0,0,0,0,0,0,0,0,75,280,0,0,0,0,0,0,319,3,325,3,311,2,71,244,0,307,2,307,1,310,2,0,0,0,0,0,0,0,0,0,179,163,1,0,0,0,11,175,3,0,0,0,0,0,0,0,0,0,0,0,0,0,0,0,0,0,0,0,15,0,0,0,0,0,10,0,12,0,11,182,1,0,11,0,10,0,10,0,0,0,0,0,0,0,0,0,0,181,6,0,0,
,0092,WOODMORE,1602,433,12,421,10,0,10,0,0,0,0,0,0,0,0,0,0,0,0,0,0,0,0,0,0,0,0,0,0,0,0,0,0,12,0,11,0,11,0,2,10,0,11,0,11,0,12,0,0,0,0,1,0,0,0,0,0,0,0,0,0,0,0,15,275,10,0,0,0,0,0,0,0,0,0,211,208,0,0,0,0,0,0,0,0,0,0,0,0,0,0,16,0,19,0,11,384,5,0,15,0,15,0,17,0,0,184,230,0,0,0,0,0,0,0,0,0,0,
,ZZZ,COUNTY TOTALS,216060,22500,11166,11334,9649,102,9575,511,1122,33,1129,726,4,1027,24,0,19,0,21,0,66,827,34,611,16,434,1720,2,1254,375,7,418,12,10211,125,10156,156,9900,109,2593,7494,54,9812,80,9796,83,9866,103,978,43,0,24,458,13,384,292,3,1130,932,7,0,17,0,562,9487,141,360,4,660,9,0,31,1021,880,4,1230,1663,10,1032,13,684,4,809,10,0,49,0,40,859,12,0,525,0,585,0,499,10305,67,0,482,0,508,0,490,639,5,1255,1594,6,1045,6,364,493,4,611,10,0,11,